"ID","Description","GeneRatio","BgRatio","RichFactor","FoldEnrichment","zScore","pvalue","p.adjust","qvalue","geneID","Count"
"GO:0098813","nuclear chromosome segregation","12/19","315/18842",0.0380952380952381,37.7784461152882,20.913679907746,1.75565638438224e-17,1.03232595401676e-13,1.03232595401676e-13,"ZWINT/NUSAP1/UBE2C/PRC1/CCNB1/NEK2/KIF4A/TOP2A/CDK1/DLGAP5/CENPF/CDC20",12
"GO:0000819","sister chromatid segregation","11/19","246/18842",0.0447154471544715,44.3436029097133,21.7403808525235,1.03537135692128e-16,3.04399178934857e-13,3.04399178934857e-13,"ZWINT/NUSAP1/UBE2C/PRC1/CCNB1/KIF4A/TOP2A/CDK1/DLGAP5/CENPF/CDC20",11
"GO:0140014","mitotic nuclear division","11/19","281/18842",0.0391459074733096,38.8203783480052,20.2937683121166,4.5395820867129e-16,7.01814988838477e-13,7.01814988838477e-13,"ZWINT/NUSAP1/UBE2C/PRC1/CCNB1/NEK2/KIF4A/CDK1/DLGAP5/CENPF/CDC20",11
"GO:0007059","chromosome segregation","12/19","420/18842",0.0285714285714286,28.3338345864662,17.9987014095899,5.6367906912352e-16,7.01814988838477e-13,7.01814988838477e-13,"ZWINT/NUSAP1/UBE2C/PRC1/CCNB1/NEK2/KIF4A/TOP2A/CDK1/DLGAP5/CENPF/CDC20",12
"GO:0000280","nuclear division","12/19","422/18842",0.028436018957346,28.199551010227,17.9538462520776,5.96781453093943e-16,7.01814988838477e-13,7.01814988838477e-13,"ZWINT/NUSAP1/UBE2C/PRC1/CCNB1/NEK2/KIF4A/TOP2A/CDK1/DLGAP5/CENPF/CDC20",12
"GO:0044772","mitotic cell cycle phase transition","12/19","434/18842",0.0276497695852535,27.4198399223866,17.6911513504471,8.35661890792741e-16,8.18948652976886e-13,8.18948652976886e-13,"ZWINT/UBE2C/CCNB1/NEK2/FOXM1/CDKN3/CDK1/DLGAP5/RRM2/MELK/CENPF/CDC20",12
"GO:0000070","mitotic sister chromatid segregation","10/19","205/18842",0.0487804878048781,48.3748395378691,21.6681101198024,1.58150553337217e-15,1.32846464803262e-12,1.32846464803262e-12,"ZWINT/NUSAP1/UBE2C/PRC1/CCNB1/KIF4A/CDK1/DLGAP5/CENPF/CDC20",10
"GO:0048285","organelle fission","12/19","470/18842",0.025531914893617,25.3195968645017,16.9633427127383,2.17267523494283e-15,1.59691629768298e-12,1.59691629768298e-12,"ZWINT/NUSAP1/UBE2C/PRC1/CCNB1/NEK2/KIF4A/TOP2A/CDK1/DLGAP5/CENPF/CDC20",12
"GO:0007088","regulation of mitotic nuclear division","8/19","120/18842",0.0666666666666667,66.1122807017544,22.7332623799757,1.52288191025557e-13,9.94949514700307e-11,9.94949514700307e-11,"ZWINT/NUSAP1/UBE2C/CCNB1/NEK2/DLGAP5/CENPF/CDC20",8
"GO:0007346","regulation of mitotic cell cycle","11/19","492/18842",0.0223577235772358,22.1718014548567,15.118429666077,2.15637678922419e-13,1.26794955206382e-10,1.26794955206382e-10,"ZWINT/NUSAP1/UBE2C/CCNB1/NEK2/FOXM1/CDK1/DLGAP5/RRM2/CENPF/CDC20",11
"GO:0051783","regulation of nuclear division","8/19","135/18842",0.0592592592592593,58.7664717348928,21.4005535857145,3.98299659706827e-13,2.12909272643286e-10,2.12909272643286e-10,"ZWINT/NUSAP1/UBE2C/CCNB1/NEK2/DLGAP5/CENPF/CDC20",8
"GO:0033045","regulation of sister chromatid segregation","7/19","115/18842",0.0608695652173913,60.3633867276888,20.2870004526395,1.24381250460345e-11,6.09468127255692e-09,6.09468127255692e-09,"ZWINT/UBE2C/CCNB1/CDK1/DLGAP5/CENPF/CDC20",7
"GO:0051983","regulation of chromosome segregation","7/19","140/18842",0.05,49.5842105263158,18.3315629987411,5.02749063203785e-11,1.97794430230757e-08,1.97794430230757e-08,"ZWINT/UBE2C/CCNB1/CDK1/DLGAP5/CENPF/CDC20",7
"GO:0033044","regulation of chromosome organization","8/19","246/18842",0.032520325203252,32.249893025246,15.6743909218773,5.03092503283734e-11,1.97794430230757e-08,1.97794430230757e-08,"ZWINT/UBE2C/CCNB1/NEK2/CDK1/DLGAP5/CENPF/CDC20",8
"GO:0010965","regulation of mitotic sister chromatid separation","6/19","69/18842",0.0869565217391304,86.233409610984,22.5347072972662,5.04577628139686e-11,1.97794430230757e-08,1.97794430230757e-08,"ZWINT/UBE2C/CCNB1/DLGAP5/CENPF/CDC20",6
"GO:0051306","mitotic sister chromatid separation","6/19","71/18842",0.0845070422535211,83.8042994810971,22.2086781886311,6.02110152152423e-11,2.21275480916016e-08,2.21275480916016e-08,"ZWINT/UBE2C/CCNB1/DLGAP5/CENPF/CDC20",6
"GO:1905818","regulation of chromosome separation","6/19","82/18842",0.0731707317073171,72.5622593068036,20.632835069816,1.46254899718321e-10,5.05869888437486e-08,5.05869888437486e-08,"ZWINT/UBE2C/CCNB1/DLGAP5/CENPF/CDC20",6
"GO:0051304","chromosome separation","6/19","88/18842",0.0681818181818182,67.6148325358852,19.8998441354129,2.25548394653671e-10,7.36791422535326e-08,7.36791422535326e-08,"ZWINT/UBE2C/CCNB1/DLGAP5/CENPF/CDC20",6
"GO:1901992","positive regulation of mitotic cell cycle phase transition","6/19","91/18842",0.0659340659340659,65.3857721226142,19.5606256461058,2.76926287031131e-10,8.57013983022657e-08,8.57013983022657e-08,"UBE2C/CCNB1/CDK1/DLGAP5/RRM2/CDC20",6
"GO:0030071","regulation of mitotic metaphase/anaphase transition","6/19","100/18842",0.06,59.5010526315789,18.6354578779959,4.92603827892348e-10,1.4482552540035e-07,1.4482552540035e-07,"ZWINT/UBE2C/CCNB1/DLGAP5/CENPF/CDC20",6
"GO:1902099","regulation of metaphase/anaphase transition of cell cycle","6/19","103/18842",0.058252427184466,57.7680122636689,18.3541150011788,5.89815936064188e-10,1.65148462097973e-07,1.65148462097973e-07,"ZWINT/UBE2C/CCNB1/DLGAP5/CENPF/CDC20",6
"GO:0007091","metaphase/anaphase transition of mitotic cell cycle","6/19","104/18842",0.0576923076923077,57.2125506072874,18.2630243454548,6.25555609237974e-10,1.67193953741786e-07,1.67193953741786e-07,"ZWINT/UBE2C/CCNB1/DLGAP5/CENPF/CDC20",6
"GO:1901990","regulation of mitotic cell cycle phase transition","8/19","345/18842",0.0231884057971014,22.9955758962624,13.1002200491358,7.38860796555763e-10,1.82213603929567e-07,1.82213603929567e-07,"ZWINT/UBE2C/CCNB1/CDK1/DLGAP5/RRM2/CENPF/CDC20",8
"GO:0044784","metaphase/anaphase transition of cell cycle","6/19","107/18842",0.0560747663551402,55.6084604033448,17.9973816669174,7.43728995630887e-10,1.82213603929567e-07,1.82213603929567e-07,"ZWINT/UBE2C/CCNB1/DLGAP5/CENPF/CDC20",6
"GO:1901989","positive regulation of cell cycle phase transition","6/19","110/18842",0.0545454545454545,54.0918660287081,17.7425734588638,8.79859352474115e-10,2.06942919701912e-07,2.06942919701912e-07,"UBE2C/CCNB1/CDK1/DLGAP5/RRM2/CDC20",6
"GO:0045931","positive regulation of mitotic cell cycle","6/19","117/18842",0.0512820512820513,50.8556005398111,17.1862182947327,1.27946634131339e-09,2.89356234112413e-07,2.89356234112413e-07,"UBE2C/CCNB1/CDK1/DLGAP5/RRM2/CDC20",6
"GO:0050000","chromosome localization","6/19","123/18842",0.0487804878048781,48.3748395378691,16.747243686143,1.73220167981618e-09,3.77235032493302e-07,3.77235032493302e-07,"ZWINT/CCNB1/NEK2/CDK1/DLGAP5/CENPF",6
"GO:0000086","G2/M transition of mitotic cell cycle","6/19","131/18842",0.0458015267175573,45.4206508638007,16.209007389472,2.53549131132906e-09,5.32453175379103e-07,5.32453175379103e-07,"CCNB1/NEK2/FOXM1/CDK1/MELK/CENPF",6
"GO:0090068","positive regulation of cell cycle process","7/19","252/18842",0.0277777777777778,27.546783625731,13.4789741272342,3.09462711914074e-09,6.27462326225778e-07,6.27462326225778e-07,"NUSAP1/UBE2C/CCNB1/CDK1/DLGAP5/RRM2/CDC20",7
"GO:0033047","regulation of mitotic sister chromatid segregation","5/19","65/18842",0.0769230769230769,76.2834008097166,19.3164430838235,4.67841717193649e-09,9.16969765699552e-07,9.16969765699552e-07,"ZWINT/CCNB1/CDK1/CENPF/CDC20",5
"GO:0044839","cell cycle G2/M phase transition","6/19","146/18842",0.0410958904109589,40.7541456380678,15.3203559863402,4.87447809355595e-09,9.24578425487387e-07,9.24578425487387e-07,"CCNB1/NEK2/FOXM1/CDK1/MELK/CENPF",6
"GO:1901987","regulation of cell cycle phase transition","8/19","459/18842",0.0174291938997821,17.2842563926155,11.2214876275278,6.97020911623201e-09,1.28077592510763e-06,1.28077592510763e-06,"ZWINT/UBE2C/CCNB1/CDK1/DLGAP5/RRM2/CENPF/CDC20",8
"GO:1902850","microtubule cytoskeleton organization involved in mitosis","6/19","160/18842",0.0375,37.1881578947368,14.604918510963,8.45114469096676e-09,1.50584032675408e-06,1.50584032675408e-06,"NUSAP1/PRC1/CCNB1/KIF4A/CDK1/DLGAP5",6
"GO:0045787","positive regulation of cell cycle","7/19","312/18842",0.0224358974358974,22.2493252361673,12.0245569964279,1.35603981416632e-08,2.34515120802882e-06,2.34515120802882e-06,"NUSAP1/UBE2C/CCNB1/CDK1/DLGAP5/RRM2/CDC20",7
"GO:0007051","spindle organization","6/19","195/18842",0.0307692307692308,30.5133603238866,13.1618165868622,2.75943401779112e-08,4.63584914988908e-06,4.63584914988908e-06,"PRC1/CCNB1/NEK2/KIF4A/ASPM/DLGAP5",6
"GO:0051310","metaphase chromosome alignment","5/19","109/18842",0.0458715596330275,45.4901014002897,14.7998506267192,6.4388340307326e-08,1.05167622501966e-05,1.05167622501966e-05,"ZWINT/CCNB1/NEK2/CDK1/CENPF",5
"GO:0045840","positive regulation of mitotic nuclear division","4/19","43/18842",0.0930232558139535,92.249694002448,19.0319209318806,8.88749291903234e-08,1.41239076659217e-05,1.41239076659217e-05,"NUSAP1/UBE2C/DLGAP5/CDC20",4
"GO:0030261","chromosome condensation","4/19","45/18842",0.0888888888888889,88.1497076023392,18.5956890153897,1.07163465459655e-07,1.65821362342835e-05,1.65821362342835e-05,"NUSAP1/CCNB1/TOP2A/CDK1",4
"GO:0051785","positive regulation of nuclear division","4/19","52/18842",0.0769230769230769,76.2834008097166,17.2711742310118,1.93849530453266e-07,2.92265445914155e-05,2.92265445914155e-05,"NUSAP1/UBE2C/DLGAP5/CDC20",4
"GO:0007093","mitotic cell cycle checkpoint signaling","5/19","140/18842",0.0357142857142857,35.4172932330827,12.9861692165741,2.25419260000055e-07,3.31366312200081e-05,3.31366312200081e-05,"ZWINT/CCNB1/CDK1/CENPF/CDC20",5
"GO:0007094","mitotic spindle assembly checkpoint signaling","4/19","56/18842",0.0714285714285714,70.8345864661654,16.6276844603562,2.6232373137587e-07,3.58712451276771e-05,3.58712451276771e-05,"ZWINT/CCNB1/CENPF/CDC20",4
"GO:0071173","spindle assembly checkpoint signaling","4/19","56/18842",0.0714285714285714,70.8345864661654,16.6276844603562,2.6232373137587e-07,3.58712451276771e-05,3.58712451276771e-05,"ZWINT/CCNB1/CENPF/CDC20",4
"GO:0071174","mitotic spindle checkpoint signaling","4/19","56/18842",0.0714285714285714,70.8345864661654,16.6276844603562,2.6232373137587e-07,3.58712451276771e-05,3.58712451276771e-05,"ZWINT/CCNB1/CENPF/CDC20",4
"GO:0031577","spindle checkpoint signaling","4/19","57/18842",0.0701754385964912,69.5918744228994,16.47740640146,2.81941870576774e-07,3.70725879276151e-05,3.70725879276151e-05,"ZWINT/CCNB1/CENPF/CDC20",4
"GO:0033046","negative regulation of sister chromatid segregation","4/19","58/18842",0.0689655172413793,68.3920145190563,16.3309989119986,3.02633370837674e-07,3.70725879276151e-05,3.70725879276151e-05,"ZWINT/CCNB1/CENPF/CDC20",4
"GO:0033048","negative regulation of mitotic sister chromatid segregation","4/19","58/18842",0.0689655172413793,68.3920145190563,16.3309989119986,3.02633370837674e-07,3.70725879276151e-05,3.70725879276151e-05,"ZWINT/CCNB1/CENPF/CDC20",4
"GO:0045841","negative regulation of mitotic metaphase/anaphase transition","4/19","58/18842",0.0689655172413793,68.3920145190563,16.3309989119986,3.02633370837674e-07,3.70725879276151e-05,3.70725879276151e-05,"ZWINT/CCNB1/CENPF/CDC20",4
"GO:2000816","negative regulation of mitotic sister chromatid separation","4/19","58/18842",0.0689655172413793,68.3920145190563,16.3309989119986,3.02633370837674e-07,3.70725879276151e-05,3.70725879276151e-05,"ZWINT/CCNB1/CENPF/CDC20",4
"GO:1902100","negative regulation of metaphase/anaphase transition of cell cycle","4/19","60/18842",0.0666666666666667,66.1122807017544,16.0491475186817,3.47388434592816e-07,4.08528799081152e-05,4.08528799081152e-05,"ZWINT/CCNB1/CENPF/CDC20",4
"GO:1905819","negative regulation of chromosome separation","4/19","60/18842",0.0666666666666667,66.1122807017544,16.0491475186817,3.47388434592816e-07,4.08528799081152e-05,4.08528799081152e-05,"ZWINT/CCNB1/CENPF/CDC20",4
"GO:0051985","negative regulation of chromosome segregation","4/19","61/18842",0.0655737704918033,65.0284728213978,15.9134029053774,3.71529518917603e-07,4.28351680634412e-05,4.28351680634412e-05,"ZWINT/CCNB1/CENPF/CDC20",4
"GO:0010948","negative regulation of cell cycle process","6/19","309/18842",0.0194174757281553,19.2560040878896,10.2800790753323,4.20085836060435e-07,4.75020137699107e-05,4.75020137699107e-05,"ZWINT/CCNB1/NEK2/CDK1/CENPF/CDC20",6
"GO:0045839","negative regulation of mitotic nuclear division","4/19","64/18842",0.0625,61.9802631578947,15.5252630739863,4.5148489443501e-07,5.00892675335445e-05,5.00892675335445e-05,"ZWINT/CCNB1/CENPF/CDC20",4
"GO:0051784","negative regulation of nuclear division","4/19","70/18842",0.0571428571428571,56.6676691729323,14.8245370213668,6.4903748036299e-07,7.067297008397e-05,7.067297008397e-05,"ZWINT/CCNB1/CENPF/CDC20",4
"GO:0045842","positive regulation of mitotic metaphase/anaphase transition","3/19","18/18842",0.166666666666667,165.280701754386,22.1539514160239,7.02590848070335e-07,7.51133488482468e-05,7.51133488482468e-05,"UBE2C/DLGAP5/CDC20",3
"GO:1902101","positive regulation of metaphase/anaphase transition of cell cycle","3/19","19/18842",0.157894736842105,156.581717451524,21.5563533952546,8.33795186538528e-07,8.75484945865454e-05,8.75484945865454e-05,"UBE2C/DLGAP5/CDC20",3
"GO:1901991","negative regulation of mitotic cell cycle phase transition","5/19","190/18842",0.0263157894736842,26.0969529085873,11.046366467086,1.025474853207e-06,0.000105785826962407,0.000105785826962407,"ZWINT/CCNB1/CDK1/CENPF/CDC20",5
"GO:0000075","cell cycle checkpoint signaling","5/19","191/18842",0.0261780104712042,25.9603196472858,11.0153961248216,1.05238585402486e-06,0.000106690152097693,0.000106690152097693,"ZWINT/CCNB1/CDK1/CENPF/CDC20",5
"GO:0000910","cytokinesis","5/19","195/18842",0.0256410256410256,25.4278002699055,10.8938536054392,1.1656635085682e-06,0.000116171210684424,0.000116171210684424,"NUSAP1/PRC1/KIF4A/CEP55/KIF20A",5
"GO:1901970","positive regulation of mitotic sister chromatid separation","3/19","22/18842",0.136363636363636,135.22966507177,20.0140228623284,1.3225928136861e-06,0.000129614095741238,0.000129614095741238,"UBE2C/DLGAP5/CDC20",3
"GO:0045786","negative regulation of cell cycle","6/19","382/18842",0.0157068062827225,15.5761917883715,9.14416936301157,1.44898046026995e-06,0.000139672214858809,0.000139672214858809,"ZWINT/CCNB1/NEK2/CDK1/CENPF/CDC20",6
"GO:0051988","regulation of attachment of spindle microtubules to kinetochore","3/19","23/18842",0.130434782608696,129.350114416476,19.5679919566809,1.52001290863538e-06,0.000144156062948001,0.000144156062948001,"CCNB1/NEK2/CDK1",3
"GO:0045930","negative regulation of mitotic cell cycle","5/19","237/18842",0.0210970464135021,20.9216078170109,9.80546234306169,3.03933620949138e-06,0.000283671379552529,0.000283671379552529,"ZWINT/CCNB1/CDK1/CENPF/CDC20",5
"GO:0000281","mitotic cytokinesis","4/19","104/18842",0.0384615384615385,38.1417004048583,12.0670521333287,3.18499240934444e-06,0.000292621177608521,0.000292621177608521,"NUSAP1/KIF4A/CEP55/KIF20A",4
"GO:2001251","negative regulation of chromosome organization","4/19","105/18842",0.0380952380952381,37.7784461152882,12.0066638445562,3.30901783039525e-06,0.000299338843734216,0.000299338843734216,"ZWINT/CCNB1/CENPF/CDC20",4
"GO:1905820","positive regulation of chromosome separation","3/19","31/18842",0.0967741935483871,95.9694397283531,16.8129195640699,3.83835051296448e-06,0.000341962136609563,0.000341962136609563,"UBE2C/DLGAP5/CDC20",3
"GO:0010638","positive regulation of organelle organization","6/19","466/18842",0.0128755364806867,12.7684662299526,8.17281534844787,4.57303239899288e-06,0.000401334783672808,0.000401334783672808,"NUSAP1/UBE2C/NEK2/CDK1/DLGAP5/CDC20",6
"GO:1901988","negative regulation of cell cycle phase transition","5/19","269/18842",0.0185873605947955,18.4327920172178,9.14926935832974,5.64073834009729e-06,0.000487757962349589,0.000487757962349589,"ZWINT/CCNB1/CDK1/CENPF/CDC20",5
"GO:0051321","meiotic cell cycle","5/19","281/18842",0.0177935943060498,17.6456265218206,8.93175855977831,6.97510186736068e-06,0.000594399985218562,0.000594399985218562,"ZWINT/NEK2/ASPM/TOP2A/CDC20",5
"GO:0061640","cytoskeleton-dependent cytokinesis","4/19","130/18842",0.0307692307692308,30.5133603238866,10.7278967738855,7.7384468133172e-06,0.000650029532318645,0.000650029532318645,"NUSAP1/KIF4A/CEP55/KIF20A",4
"GO:0007052","mitotic spindle organization","4/19","134/18842",0.0298507462686567,29.6025137470542,10.5566780198117,8.72568073392968e-06,0.000722633841063472,0.000722633841063472,"PRC1/CCNB1/KIF4A/DLGAP5",4
"GO:0008608","attachment of spindle microtubules to kinetochore","3/19","55/18842",0.0545454545454545,54.0918660287081,12.5275161425927,2.20624992229973e-05,0.00180177076987811,0.00180177076987811,"CCNB1/NEK2/CDK1",3
"GO:0051445","regulation of meiotic cell cycle","3/19","57/18842",0.0526315789473684,52.1939058171745,12.2979988303984,2.45750563956396e-05,0.00197947029597755,0.00197947029597755,"ZWINT/ASPM/CDC20",3
"GO:0055012","ventricular cardiac muscle cell differentiation","2/19","10/18842",0.2,198.336842105263,19.8309858882671,4.31436891930496e-05,0.00338246523273509,0.00338246523273509,"CCNB1/CDK1",2
"GO:1904666","regulation of ubiquitin protein ligase activity","2/19","10/18842",0.2,198.336842105263,19.8309858882671,4.31436891930496e-05,0.00338246523273509,0.00338246523273509,"UBE2C/CDC20",2
"GO:0140694","membraneless organelle assembly","5/19","427/18842",0.0117096018735363,11.6122272895353,7.04723855624968,5.22194192007338e-05,0.00402432269671745,0.00402432269671745,"PRC1/NEK2/KIF4A/DLGAP5/CENPF",5
"GO:0051256","mitotic spindle midzone assembly","2/19","11/18842",0.181818181818182,180.306220095694,18.8990232998276,5.26994638855856e-05,0.00402432269671745,0.00402432269671745,"PRC1/KIF4A",2
"GO:0000022","mitotic spindle elongation","2/19","12/18842",0.166666666666667,165.280701754386,18.0857434715597,6.32013267485196e-05,0.00470409875039614,0.00470409875039614,"PRC1/KIF4A",2
"GO:0051443","positive regulation of ubiquitin-protein transferase activity","2/19","12/18842",0.166666666666667,165.280701754386,18.0857434715597,6.32013267485196e-05,0.00470409875039614,0.00470409875039614,"UBE2C/CDC20",2
"GO:0051231","spindle elongation","2/19","13/18842",0.153846153846154,152.566801619433,17.367867161615,7.46475612509312e-05,0.00541886000191945,0.00541886000191945,"PRC1/KIF4A",2
"GO:0051255","spindle midzone assembly","2/19","13/18842",0.153846153846154,152.566801619433,17.367867161615,7.46475612509312e-05,0.00541886000191945,0.00541886000191945,"PRC1/KIF4A",2
"GO:0000082","G1/S transition of mitotic cell cycle","4/19","235/18842",0.0170212765957447,16.8797312430011,7.78257392037487,7.89020814757458e-05,0.00565785657411445,0.00565785657411445,"CCNB1/CDKN3/CDK1/RRM2",4
"GO:0044771","meiotic cell cycle phase transition","2/19","15/18842",0.133333333333333,132.224561403509,16.1530505529255,0.0001003662900054,0.00711028656905728,0.00711028656905728,"ZWINT/CDC20",2
"GO:0010389","regulation of G2/M transition of mitotic cell cycle","3/19","97/18842",0.0309278350515464,30.6706456863809,9.30795974407588,0.000120716588753279,0.00845016121272956,0.00845016121272956,"CCNB1/CDK1/CENPF",3
"GO:0044843","cell cycle G1/S phase transition","4/19","265/18842",0.0150943396226415,14.9688182720953,7.27577345429016,0.000125525210527399,0.00868339103413069,0.00868339103413069,"CCNB1/CDKN3/CDK1/RRM2",4
"GO:0051438","regulation of ubiquitin-protein transferase activity","2/19","19/18842",0.105263157894737,104.387811634349,14.3247178451186,0.000163060922791571,0.0111488165815632,0.0111488165815632,"UBE2C/CDC20",2
"GO:1902749","regulation of cell cycle G2/M phase transition","3/19","110/18842",0.0272727272727273,27.0459330143541,8.7041935870542,0.000175245199607905,0.0118441583183274,0.0118441583183274,"CCNB1/CDK1/CENPF",3
"GO:0010971","positive regulation of G2/M transition of mitotic cell cycle","2/19","23/18842",0.0869565217391304,86.233409610984,12.9945086632048,0.000240674273532215,0.0160814173678343,0.0160814173678343,"CCNB1/CDK1",2
"GO:0061982","meiosis I cell cycle process","3/19","125/18842",0.024,23.8004210526316,8.1257621820066,0.000255557994089167,0.0168840562387001,0.0168840562387001,"ZWINT/TOP2A/CDC20",3
"GO:0061952","midbody abscission","2/19","24/18842",0.0833333333333333,82.640350877193,12.7147581994643,0.000262395930118375,0.0171432007677338,0.0171432007677338,"CEP55/KIF20A",2
"GO:0051225","spindle assembly","3/19","127/18842",0.0236220472440945,23.4256112722752,8.05629923194701,0.000267783332820266,0.0173029230437711,0.0173029230437711,"PRC1/NEK2/KIF4A",3
"GO:0031145","anaphase-promoting complex-dependent catabolic process","2/19","25/18842",0.08,79.3347368421053,12.4518406663649,0.000285041530240907,0.0180219806216832,0.0180219806216832,"UBE2C/CDC20",2
"GO:0060045","positive regulation of cardiac muscle cell proliferation","2/19","25/18842",0.08,79.3347368421053,12.4518406663649,0.000285041530240907,0.0180219806216832,0.0180219806216832,"CCNB1/CDK1",2
"GO:1902751","positive regulation of cell cycle G2/M phase transition","2/19","26/18842",0.0769230769230769,76.2834008097166,12.2041238236138,0.000308609385676574,0.019304501997641,0.019304501997641,"CCNB1/CDK1",2
"GO:0010639","negative regulation of organelle organization","4/19","348/18842",0.0114942528735632,11.3986690865094,6.22065774463206,0.000355911759680017,0.0219584386244195,0.0219584386244195,"ZWINT/CCNB1/CENPF/CDC20",4
"GO:0051984","positive regulation of chromosome segregation","2/19","28/18842",0.0714285714285714,70.8345864661654,11.7487960738166,0.000358505120398685,0.0219584386244195,0.0219584386244195,"CCNB1/CDK1",2
"GO:0055023","positive regulation of cardiac muscle tissue growth","2/19","30/18842",0.0666666666666667,66.1122807017544,11.3394085849215,0.000412069671683929,0.0249790687577474,0.0249790687577474,"CCNB1/CDK1",2
"GO:2000241","regulation of reproductive process","3/19","148/18842",0.0202702702702703,20.101706970128,7.4120146859356,0.000419585620282737,0.0251751372169642,0.0251751372169642,"ZWINT/ASPM/CDC20",3
"GO:0051382","kinetochore assembly","2/19","33/18842",0.0606060606060606,60.1020733652313,10.7959580297777,0.000499266165041034,0.0293568505044128,0.0293568505044128,"DLGAP5/CENPF",2
"GO:0090231","regulation of spindle checkpoint","2/19","33/18842",0.0606060606060606,60.1020733652313,10.7959580297777,0.000499266165041034,0.0293568505044128,0.0293568505044128,"ZWINT/CCNB1",2
"GO:0051383","kinetochore organization","2/19","34/18842",0.0588235294117647,58.3343653250774,10.6308383387073,0.000530151545821602,0.0305616773473629,0.0305616773473629,"DLGAP5/CENPF",2
"GO:0060421","positive regulation of heart growth","2/19","34/18842",0.0588235294117647,58.3343653250774,10.6308383387073,0.000530151545821602,0.0305616773473629,0.0305616773473629,"CCNB1/CDK1",2
"GO:0046622","positive regulation of organ growth","2/19","36/18842",0.0555555555555556,55.093567251462,10.3212669539467,0.000594642115533292,0.0339465596052015,0.0339465596052015,"CCNB1/CDK1",2
"GO:0060043","regulation of cardiac muscle cell proliferation","2/19","37/18842",0.0540540540540541,53.6045519203414,10.1758775655592,0.000628243973176239,0.0355199477141951,0.0355199477141951,"CCNB1/CDK1",2
"GO:0031396","regulation of protein ubiquitination","3/19","172/18842",0.0174418604651163,17.296817625459,6.82148964311293,0.000650461758347723,0.0364258584674725,0.0364258584674725,"UBE2C/CDK1/CDC20",3
"GO:1902410","mitotic cytokinetic process","2/19","39/18842",0.0512820512820513,50.8556005398111,9.9018658124217,0.000698152521840282,0.0387277059284986,0.0387277059284986,"CEP55/KIF20A",2
"GO:0060038","cardiac muscle cell proliferation","2/19","44/18842",0.0454545454545455,45.0765550239234,9.29956240108058,0.000888624756393213,0.0487255365740738,0.0487255365740738,"CCNB1/CDK1",2
"GO:1903046","meiotic cell cycle process","3/19","192/18842",0.015625,15.4950657894737,6.41380484355331,0.000894958835034009,0.0487255365740738,0.0487255365740738,"ZWINT/TOP2A/CDC20",3
